{
  "sessionDurationData": [
    611.0,
    684.5,
    689.0,
    639.75,
    693.8,
    679.5,
    624.8571428571429,
    614.0,
    620.3333333333334
  ],
  "movementData": [
    [-121724.65625, -2326.50415039062],
    [16862.76171875, -10929.232421875],
    [15952.08203125, -7780.69140625],
    [13025.66015625, -8440.84375],
    [13022.8984375, -8522.1005859375],
    [9012.427734375, -10035.9599609375],
    [6512.412109375, -7314.98583984375],
    [5976.62158203125, -3677.64965820312],
    [4953.896484375, -779.8994140625],
    [4865.25634765625, 3807.8779296875],
    [1979.49548339844, 6104.587890625],
    [3273.30737304687, 8684.3212890625],
    [1356.19567871094, 10375.26953125],
    [-2556.2880859375, 11637.734375],
    [-5786.04052734375, 14572.1865234375],
    [-4377.2255859375, 14513.189453125],
    [-2122.37426757812, 10764.751953125],
    [-709.4231567382809, 5792.94189453125],
    [-757.6923217773441, 1624.32897949219],
    [2508.13452148437, 3695.87744140625],
    [6446.01171875, 6022.794921875],
    [10304.2890625, 7979.796875],
    [7953.37451171875, 10631.3408203125],
    [7039.26806640625, 12920.0546875],
    [5186.39306640625, 17183.6328125],
    [4583.935546875, 22687.978515625],
    [2026.4599609375, 25247.94921875],
    [6267.1591796875, 22974.228515625],
    [10921.8671875, 20406.6796875],
    [14435.6025390625, 22718.642578125],
    [19278.05078125, 23900.58984375],
    [24630.001953125, 22766.517578125],
    [26753.158203125, 24335.373046875],
    [21465.08203125, 22413.748046875],
    [20065.943359375, 21569.96484375],
    [20142.34375, 21967.38671875],
    [16793.849609375, 23365.30859375],
    [13724.9599609375, 26857.0703125],
    [10708.640625, 28194.39453125],
    [7707.73876953125, 33308.33984375],
    [2220.2177734375, 34916.43359375],
    [-2542.38305664062, 35117.44140625],
    [-8927.900390625, 34927.3203125],
    [-12799.017578125, 35394.0],
    [-17623.2890625, 38017.74609375],
    [-23070.9453125, 40618.30078125],
    [-28262.294921875, 41324.88671875],
    [-28787.896484375, 43200.7265625],
    [-28117.826171875, 41272.3515625],
    [-27098.12890625, 42611.796875],
    [-30690.65625, 42806.62109375],
    [-32211.4765625, 43306.5390625],
    [-33493.91015625, 45423.86328125],
    [-33246.64453125, 48135.140625],
    [-33259.55078125, 47971.46875],
    [-30719.83984375, 47386.46875]
  ]
}
