{
  "Session_0": {
    "SESSION_ID": 4959622521747852516,
    "SESSION_TIME": 831,
    "SESSION_START_TIME": 1542257137,
    "PLAYER_GUID": "Jesse_Hunter",
    "KILLS": 4,
    "DEATHS": 1,
    "LONGEST_KILL_STREAK": 4,
    "ACCURACY": 77.777778625488281,
    "POSITION_X": -4024.672607421875,
    "POSITION_Y": -37261.484375,
    "PLACEMENT": 3
  },
  "Session_1": {
    "SESSION_ID": 4959622521747980894,
    "SESSION_TIME": 498,
    "SESSION_START_TIME": 1542257952,
    "PLAYER_GUID": "Jesse_Hunter",
    "KILLS": 1,
    "DEATHS": 1,
    "LONGEST_KILL_STREAK": 1,
    "ACCURACY": 33.333335876464844,
    "POSITION_X": -28860.66015625,
    "POSITION_Y": -62175.2265625,
    "PLACEMENT": 5
  },
  "Averages": {
    "AVERAGE_KD": 2.0,
    "AVERAGE_SESSION_TIME_IN_SECONDS": 664,
    "AVERAGE_ACCURACY": 55.0,
    "AVERAGE_PLACEMENT": 4
  }
}